{"statusCode": 200, "body": "{\"message\": \"\\ube44\\uc6a9 \\ub9ac\\ud3ec\\ud2b8 \\uc804\\uc1a1 \\uc644\\ub8cc\", \"daily_cost_usd\": 0.0, \"monthly_cost_usd\": 0.0, \"exchange_rate\": 1386.3624931615, \"timestamp\": \"2025-07-16T10:35:12.979474+09:00\"}"}